2
20
720
40860
3317760
360921600
50233236480
8645989705920
1792835502796800
438720408204180480
124587413863292620800
40492679232213597312000
14887890265777283852697600
6131029700002165613938483200
2803915671261602916283763097600
1413512817261505453085164475904000
780381667397384145291964747677696000
469121509532187015274435795212386304000
305497996991954025143403636202494689280000
214526857451850880324437134585347142270976000
161773416183266567237751879695578704956620800000
130513047328294375128868086369991333273298534400000
112262372408923292035718127491060603510908570828800000
102632143356394586514740790858878502880158562752921600000
99435963440055771706262266486137292790417683024497868800000
101823828433416208819222265709653112239468075695636217856000000
109930394233365630620178121121162375374369536935506219106304000000
124835316935455671187372644768332085206415902991510307272130560000000
148785970849510314574920630681124774955381972526711639315591462912000000
185738999656639314427490397873350473404276643137323463856662289317888000000
242396062532476030707479103170289365412892616303884741929430876642344960000000
330097784328521646163497630811548424991342224524982888411684776058615234560000000
468287133695954068769839169077316854367174302522959775735372196237509247631360000000
690929671336424735091864338416988186760634434881569736557600376680785164076318720000000
1058633114810524284156711076839468705787648402932442820657539886262594985613831700480000000
1681981204075681485769143115945462237344393049309348378893718141832146772136578305228800000000
2767378245607867291850423558689722188990469377040055060467727754326289854462400852813414400000000
4708979918296396136383142466810142142172163918012197857747945802840386673798232928057032704000000000
8276844945418672626069892075685877793252091512963804834428523043872979869226434658226922114252800000000
15009936367147780997105622835069137447800783822493411347362104666151240618952848503251473169330995200000000
28053768475035747931966593033288507612007593449011548612827180718194479448594836055167305824077873152000000000
53981928187240345894688966700264926858177759713727750092364511194314735285249308560195409768664453349376000000000
106836477903608724732659137710982637825719450625349444313148002801770862269048273399985902848158293024571392000000000
217267638655086489053985603409273136176996096665370967986250106424172168813007047687013737512767629823024562176000000000
453612423505189930825724289650691052468889525767886085203061374363141543243327163255634825745411981890234198523904000000000
971444078396680140362615812673416501375809275583247886629066909643360605952502712256386002925075910535792006361251840000000000
2132256312302163780158489525547092187475985056512598372610581210036789502558870814262345809940597753211510549284902666240000000000
4793045753466701841049993717419605739797572875517241588308535376032185985057880151956751081970815965994945770817169412587520000000000
11025824979472329174474600422401633239818997019883112168249147264594522848095828648859246016266712409429028281160944027246264320000000000
25937535714544823729752864226221925566997629140357283746641523459935268195082398210324008835944580620279769653892008477919302123520000000000
62354554472572800167832786589864488578353011002224680942933566178597916396710484023506350641945199305060199188502664055250904678400000000000000
153089492064301376104652693552688609116019754306893573924094699883986060908392767792224442012254518020388412732191412927932351951929344000000000000
383607874362978830935269244977333968920087253837121040504986994085221776418693599606004628505171444084841512226662932218757828252522250240000000000000
980465528070401186749974242175420460854495255725155564451977782292964299861021955188537422538023067816033360381488607066713893028099249930240000000000000
2554626668592203881625793589494229019739664174951056930988568460085298030640496639420010995060511067351605380539994682692376680109757342167334912000000000000
6781561023485292079966478743721702423090846096667640857847693895554752727441008926129873509765861059969105066588011189230941162220789320795134361600000000000000
18331772580729717258546658294833110551799631273053025701241808321791966277065095359310069512662699595864467935819453299082484537315619213462475101962240000000000000
50434218348623202936454718989051582684906856748774616750878831546858627394366862851445953493988902354101542227574114619879032542704765330732899696283484160000000000000
141147507467062316779755148057880271658389237448004965166179655439976872548501877306487751422377149748503745768931936819464283787845184540116763995312257761280000000000000
401639419015334595431302973124399560203558618382349459775906566251613356528398431546306573589032459878516628950332865366495988235189741645246478114219501687930880000000000000
1161473735578814461492794209759794484210818924600095769180963224490536744405305303655252091526761604773523359914700967950944925833141819916622860032483777467488665600000000000000
3411877135709351232022013942881372561182369835808176787463748525045297833231176574362040924095772891388372551617914212397398205183641454858706143466734483414149444403200000000000000
10176422671335832456710334635167489212666764650507395831041956166174276558078180296736188656295626553504797018149894918571272167173717877924546607043111406819586895301836800000000000000
30805410422034234830544587133419727691765332519594340641993102679226689188688440469280242398376161853173557801296781694017941893381928129192272895111040023344564426806132736000000000000000
94603347272085669387872058983083829764177189706617404002487206260033497204329527813756639125894143844958112523177110808597669537835554474010332768586449450000209165200341860352000000000000000
294615821759067750808300833345174615538568077126029976257699459960645241001282713360537001715119161285537810864485153553357850279028295463203461890549287732563083444275713889271808000000000000000
930042325919941624667772476011957256821902128088760856752165591909112576463770280658471280288546390407131755305365994811719268933606633696132719760470345012423056020987301114937344000000000000000000
2974937298477640679631100968009226651194467900579606197098297099111049871231684321845697288050243158853632161194323247450903291749582270703663474798977702890770935121037328280685232783360000000000000000
9638664175834590015341749982236207424601994623278651374199328586232759377755215413347462702705815825562118660687635576248290109383312675153829689631722910328844799883589731018971018258546688000000000000000
31619802956129090601679261274162105981833479570336361819856603378390585112347105176532326670704255764219817849686822281606881544433115725346143066999923344243812816760459141343002139489369849856000000000000000
104989956646627483186472403073458705843871456276801931276444125445418154794097014662719970488703819724217897147878950659928018301328621446765131251782134905978909327166536004398846571333682116689920000000000000000
352719207610817277601264221894625437980617403848981516845734105316345320159657772865559969091777505470665578886577355694419592994702399032285448639981333104960683550037429524676357241874171017612492800000000000000000
1198541183136071382863937381190945274591009657974702759828585869102780787202596761147061009880440605406401652005608844725797087085028643251050611373796898289897571248559422582240741995434269148866905374720000000000000000
4117865376219094116867304651275259591574559241021948962816856716300823719452360793705595516989045724373327317660745809096651439238699835983153979998732692743553782630878528630849783363063285097780212117012480000000000000000
14300210089260481856385214408824297008042023710142488993996916051242670765043264746253222568876860966709060624239819382978464811350514734888785739762749143240812325546850002420999247320550016462865285373042360320000000000000000
50179035264982602281813071776221392087066034610912858295296549180946380729118712695338731182510215241092194148059662106834068343696838446711763887621513531330936460245479039578916193777798252439583344290080751616000000000000000000
177857815249199052294693958733332892580465026390829679468555599929325752780868302071701215222607699255884212836505779056981751576739605774551105035439335116883262268641708223708352934093653039439463398742972470132736000000000000000000
636587297464653629729462367017170883526222888888600775704978899213804046815374646472706647816800272568707619254524172162263337151583875202858698014674698399635718710435690228794222547739537293592456560495882927507243008000000000000000000
2300081908899219360931825916907196173113061193572019971410668875382639654611673924640423158996911827171537110076457274743545311838752504999971402655837067101730500629649183886657970339951166088201973511189260332969943367680000000000000000000
8386815916389315147932927142089332231395129853129614217481004342719096480622169347011440035342655887261161708248932596335473524798973297984710268970063999741381095083181176264394681679868945699646395966216376046479703629889536000000000000000000
30852448399663399147721085022607242171094316231890489498310432705787467154038852152289939533778769049398013031489782807410038105486532642138644755457958033465522617078739067951567469909446757392594878579193991237822111658624942080000000000000000000
114470368364362510315169142964635409676764492886242557638173095659065990792283432152740541162800752202753583092637139347797816055011535487490829886407141592665228704079842176313116511209107679809766444031197436580152534099170930196480000000000000000000
428234357747226250000617281032817510669075535605256102051239298113002719332345170850181168938482920448635878331035798761888911304309494896761186817508028136720874137324006551969917296522333182594633735239383401988981528362038925857914880000000000000000000
1614844560789928102595664739843309385847974209003361849951088473511617894318954197651401848305697310491996981688247520289671388662737813368328429042895601271007587017568854245868243903844684884699980945393947623552316251286892584101992202240000000000000000000
6136463851273249995462754080820387057254140403404876750397952711074670166943125759272017561173391363931029198404804237371058622979875433876978103778592639666310843027505931237154484330418814810669509931622343049286965126003263877977095033323520000000000000000000
23492155544711776326786421462223975835951927217578301292360691819705199693362456027148559825777802016924642605478608419326385808758503752846696072596772731194967959970274509385777597817630764944853806828461341669445125556797768563594747974149734400000000000000000000
90578522106149895062320807965014557257941057306488106349109754174597781390876259894933072127721646297811207542615812107887003749304414754814606044865273389070345767060037645739022264814942130078417336468633100798245631453950347976531783886247768883200000000000000000000
351647123103168615399218969404567809666307559052182191180556352780618454807215448838918172777027757099969165001874164182507582669646305453000173420651198549145567850610560023948031335499244894579824663619689316675923779268237809564117895766167146777804800000000000000000000
1374204772550194028912021798347941326771705940228636686889267068383417155719185743267991118042938154145636249856216178905977092392019561200227221500061273321889013072441087496929484722467477619266724794986982508678247018523861086590633780189804876071646003200000000000000000000
5404339652418141835857945772051258208469373982859202784537757099807255141903717505318875651287528784004036944119451286112296880697128446771546875224354796171465814652003649809507439982872312214195951620497179073672269029330442132213302821176759298468699386675200000000000000000000
21382868967018024818999857790087497706196984762842954577821461428723027126193100283276522311675774334264869613188851798952581900653125602279206080221888498875449198061403359750611954332512552527484907146901103705548271596390456015109947019511174513814051926048768000000000000000000000
85095745505094617908304501753463788236711652227447545040900453615402496109059417847456154653657363798309689159427655414899537899862252609735873489912287047808518292649224886463458465012678352116197626116776270924321133178878181051634714134188724754001893450072457216000000000000000000000
340530156150749650520824637537057919662801257375068012711908187738205037540500396098859439001773937321504307887059916929598756045074080394131249130498450726289425437195656997571445083751792148004887636560342666590356803028601310542216250510744305276712803252565580972032000000000000000000000
1369926789628011246488231086454459973610863556207984852129597176034274778675096926674250743106156440620402040036060861938529198294295003558402470073146165436908075819796453109238141304113786863122489790310486869621087763919613593632509070540322898815591233336371298028224512000000000000000000000
5538882869480299980740610114413828662771440496911429814875771144816982991884183056932409184427055395500607943473757720925831400682763070752535456825792844216892521753609784971502591096859609758433256626451508849701577300884983123162908751612471770631455391404326762835517374464000000000000000000000
22501929621952101705744351170771818595581112122830859433939690901157158836761464039765510071224643940813921436702340545352314516804333853941222833485161342117108844394994050897179463966552634102961747861816068918573080863614000819506456290414387190103920809620595036064580506746880000000000000000000000
91829130921964338912208536711849255166530180245122653276574273666967665889621833609015204405204146011400942024341409460936095623816787203273627017831635838044269007854634253973814939766628761874574278958585908700782549978285363886593660175356905342743606748356675554917500304679239680000000000000000000000
376352910816290402395800364452529728340925225605649960798452591147433557193896856966952498351344575434530030812071026966082835695783555125854582138693595103262823962260117505198524907265991110673603093185422109322506800890304056266941617561339811129589038653934107554529654366328061952000000000000000000000000
1548658503461678016328190642501491485831450651001872838335222266712232895569357426559346488584381260362076642626510923570374281715122391801431861967717500234951304882151959107346768659405518384453587417786408699205591119143586580499243516317288465960926584808362765978412158904190583533731840000000000000000000000
6396664331292538991401612523037100127431531648392805325121783846985482050862242833756795954964567624353086153201154818626548107809104395179513187705204548048971116323415048025272949690407639770264385419320953360892548906021097785796938446467179301259724271084657826350844372127674178095756083200000000000000000000000
26514370012015719573723061801854754085532531510774146641203409200102077137648212490996077613174454905656645706566345421270880218054072183289532071937739884053362021545872082891632981140061072827948796670546671257274283869716533459374879618227263443611305935030871221616073223139146423229518708736000000000000000000000000
110263450319392426865150977500552239013795714282726479273966847055987472795981140032942094548512209896411098079751880612339610005386523923976170322784088771920866515986959716361113712673104816687171542574231935152084679035397299074506392599406112854185043176136829682306380601125538371871431131660288000000000000000000000000
459935877649438940853314917600602704889136529543246490685996705719419481519374380243169432327801415931640863756962739177195526868935053849879095711165745302961535231221614405438551504128638646894467187172146638656471068379752777245726612093763858271316163000701041093736058920847253796878959055210545152000000000000000000000000
1923851648206516204232085902940366376806669980450908039497271081640350132329357675205902938712081403663827753135394136033764359674104226909742553019611097667656947273975113592557532315209416861564809840112596264578349971154289370561222804180573690539013965576851388357042869592209375694144494238113455931392000000000000000000000000
8067662723259856565602057059648359720960547178595610749303156257714957942759685074485155343534784540159530736467062599833774872156253389790986918020181271553233661321098325525021960601989905394807694726291560804330905276951795984697770448777492960022949807996748920709971798567529184071458158296872381837213696000000000000000000000000
33909322853521073902572651651409771357951861777032263916117659330178090493859659191033256993544146464618531556230679851912441397718148531600504915812846568793099531572241897522914453253192448986205823866599896319121624742763064297555770123449049006711546956759265479933056672180496957815036358820360854442082304000000000000000000000000000
142816742340188085934430443119790186503137364191495072803079118378704789106958822266825192503620978619298316524395929429186259612035850227186181105689464587347523674732002133194323350045894153209392057214190881725634511747549817029654326549970892905656380474315308535267815431534311273220856671223120873587839084789760000000000000000000000000
602588873839686897905867009480692552695199712263385716164760884105621576136281877909408847346731629852325500484316066801894471246834832429618380633792122827049282662100984081289683914766071910114629434649582726517184402678035731653280710719691787188730903423544900902735691266200403742363433438382922810461840913423400960000000000000000000000000
2546468701501583919813983783276593478791286966509040095606992645822714246297625407143235324247735944456291323367414438717477514958027213489135171023494066542540659994722422630019673521780938415609080980325991776880223095826711220449383917396166621187299145504602684382665301532284573384263163575575802040303552881995452252160000000000000000000000000
10775165315253418120170908380867069109807828141905016599989505917372807690963746789051257943919076049901804667100801943296662073848399179494777158917004427998074480470743737874129206680333252128075073341026884402071216812235461480010419232846746537137681865349123028796453845363670462360903801491179554200034343393042449762877440000000000000000000000000
45642646295424046246817872696089373920555420108881701492330288397162192591786436301280901336146554155376252811086918390614592844720076667283821319842706674569850960970548295676208054965492428170511146568814829129131785217813422179661128703643926291583394618592222287923250449547706092747487061531090916221061601806139283120901324800000000000000000000000000
193495830287991905145879629319893922807503150659842857673018953905513143201341611004762035662837181239957594951389971095266300299100035272910660799997781369129437645085709262328663978238040845054194121907526085152914654933354236924904342424144170303247759184316424949151434522773723377493793588839848691407320739317190155282522151321600000000000000000000000000
820764660616420851526722823606969724017595984595749923874727929935819807416969675830134128103270612987881646521663490221632963565293362088901778217523203390946114482789671260029739850064299697524311293162544831305377967695640604201176738797939714820763214017702631156886788809704541228936693925105793395441522718347311110616424083829555200000000000000000000000000
3482602254450620883883664222299396515224017974086713931520595337493746980601414809916014506576726657844463762104872606176734359320586216794409726896429985640878053053480843102418380460317591276593242225502996577323698018397971435477810276148766279814838168269988340145610826925615600151167803371991153908973590323863118635779850966188372787200000000000000000000000000
14778107004861488858076743673935362939964388202369241307424673664930256041905552373967815465673515507024168958884881361324475781769558825449149586255898271928149192687359769328492764938629118279826682136172530617932549332383004490845928927436788668472850850141735503438653146704367799595481939114201223966278507846175823468955507437369198798438400000000000000000000000000
62698111902939321007082872820896492320285046558232793597247804253971322761880357220642626630560863660994818704051611221083703319404159039577282692039767102072548386597991944007957764452961187522579197138656199259260062014806587702663792472479581142842849777867753330122491188468532766297667679278491001834625160203030923559089981030837352493219840000000000000000000000000000
265889583893074811608307528021330579669656499518692883195327273733677941072123657072302843516519491176551584374067121601419278500940861861286690769182442997220217566846388546864493453475968574533211154492915407965572558167810824063774183851977007520793062514286567638775073317787036201904457289169667462949040434283474229733749882229263879692573736960000000000000000000000000000
1126806321747157985878904484354041605296642280891151763998852893490967762586597786511549973342727887819181395698495557226911531308325597812071783523468455573801649139805350027268587109771310567892603628615947466292868337937372718588527542351553294912470666044805008440669855604350175868334805297445162371205373741037815839611020375977633747787181386104832000000000000000000000000000
4770759747284270060925090329712171745279557346224306503594023639160815053355033351805125890044048905573552036711342938395714908775375139761537207373301788546096219288290794461264346844582967885558716222426210990101645793212645175852054269101727069131046743097450320898921739833039215009258529109798761566228312117196953498485751810571651490026180971979603968000000000000000000000000000
20174587698109214440565329245216241979687139992457447113534720683481667513917698690571089215277018562569549170616841055548973762470884350983980652315893138642110852557219787973197454681538812239865547070360704079699652447288451946569971893906190863542851937104157816946250119990917821283723906723338166942887949738140197737154389499710673650246816296577053753344000000000000000000000000000
85189960087854608076133077331024271316979417659125173246521460006433620165712486081037769390576098432575408376708773377144443847123465443049075221665627377163420536205164295650163907515595598081973480287564527033905868701121907679060484795474755001770698314938183954017983540157301590948074980218804938942318948362084836675317368407465095047819367672332998976471040000000000000000000000000000
359108559812434531529343826872399127833367787525136390940384788844061838654448089448255052912861735414047220024959306037197690478119688193008164691842159339436838095257958113674498990490078604180891152110489639740111032335484344569965113207341045902633260635727378832455095172643850417319422209794952058305550969347362210928293552950303173170997066044107598974555258880000000000000000000000000000
1510785514542895430531703888990673234708330700790478748712273711933925498416276095045584093919515223827991154661201405609974823236413938811339930239767563539584525330387348565265764381386013428250565474652326679877438958397143116862465742672277076489462507376877919285828375305815341182823196191476984819444395895889711303391357645618978648767201032625691167751606978478080000000000000000000000000000
6341686884634117652634364644595126807107513134978488650816524659190652158747203942106528640014667475371238736626339271533915491292823628461167612195505070355351658871880069717491973044358150606063667869062710199837072840025250762447748488173803344678307241184207649635756674563142543411128499140373163208418271802252508709607998890363217998414413104623112126653930159346810880000000000000000000000000000
26553145497873624072954921161623020880100763166780372317690295928865552177067143666153640795951872452858181471505974490591541369917083460601315717975311998723583207497612410706317340884904612975048033811366283681712920599502086023514517799919458600443004298882358679012370547982871654514849208559959515303305747399464024276030672230895878440219293146759126802744435606417183866880000000000000000000000000000
110871424821943996196583806908551519692894924697175972591053280286975871235942119349145187985379185870360916919054347232925642398721385703525050823539601984047157785120474096442556367970400966799064356254613729583426095262318241447966475034794225029485932566681854361376867017487174572512855013186309110786298091072087540204665458509588763351228522415471649242478380413582405795840000000000000000000000000000000
461527941357686433091908170081210414734156733032412067897889001562310366056585960387565504767025205679655839351397289493221852111010167171578688960561577839722690783558735133629842352320328161362315275423929358473440334920131618942632411445007936306481976696226855877496659023233876416879266426251565165233282439509082682588668653763825046524607822572142811394447987596407017004072960000000000000000000000000000000
1914838952844566837046539384031750915604387150776603707521342706691075254915576309934152712672013344886687088733860825798233003283971755816237384171556137255036909843085231008693962955294582154032228459569090738361352873930520096876616416028416283326389843567012055407668671597444247207616268070761933420168597974457895092385516186641799183805765063464277864891990650061093705808766566400000000000000000000000000000000
7915939177132880430285034840361342038022796162206180041318339590326051484085768193411657382642546564876875831736017876833592391005131586498682060564247605935910475239900839779917948614071887063070582455590359166180148039039281200548552298775556093412858418916443170883914112925275302270637643901555402997634244987256491047452582820717569251535851787401414746607711829885619680826340933632000000000000000000000000000000000
32597739922125598601319875555867393808909436604996268465131015359830383382197774877648237552710955237435268962583794745331629914590990621612562039559978521561900610339398188832400280715087048941541264184313436220352653613634670812671905857252691433235944321020511068742916582401164997600948735088027229823731487786532443640070398480550321758743927006063853220485363091178119264085886726140067840000000000000000000000000000000
133679589571313801725072573813379223339906978817957811174921926093615463607339960285200999905511860845017573465612600736442817026421808806516020553694502469755326738559405318979094460430192912006581239628473842770721330680570014225185953035897433802932369026945288158067073790343564499904384896327411746816082422032768853191739732356426984629921615728143652222972647483341665372486172405638207897600000000000000000000000000000000
545772688479876998042267807599727882129167041636413074808239740076219360407687585886353579796437789641007627404152654659588433750064750858354873773095032279076791952965575390959772715193218041254002820558934275420740281699309304872786495150793562351042591376697030832163579066005355490749128430033990297956150688050242571635906656342521066713308568063948299221918670784723459811464324147706093738393600000000000000000000000000000000
2217700256319916093617052876301202212106499248751852587309549440244544177823936906349842330335619032332881987105604355696472344901925912774216230420190803864940190176779810190755876218437812552027524172746491342855890700396823334786548592334717007462943599617079125975841396201937832227733965695323244508207435889456821433477606222097649177756849624555862678609286331361923352852215737247109123811364044800000000000000000000000000000000
8966279027695384116452595915077274290393219600448356355379433230097760514631388377575988394826487294815523150827739924070894889881980065586772011839471039313486741196120838280845428926351045603302744805075871205140098350415488352296356158619059200019417745635630704252370220664290861941590750547433426692043389944047241958853374163490628597849516525493213105616914135643443648759047393422913470905559547904000000000000000000000000000000000
36058920602877546042214718903988538946259011970822467539199914146009774420304549954130164982628203867582625461853054610103248561195174795281909539858782243259182780183628834209813579627222147576230504664790540800067344666167465415220850167463876683522003594463648667496446755164533071905297580656398269059012284985176877794636805366059565889310070360411529532373063895970638290796370315268464702078454797330022400000000000000000000000000000000
144203455970139929230303642506121608549647887501309465211697376248682524456450322993193296255512401613638815223828511887182847868047766170478916289268928079616113326326877125715924027893510917117387183174093280042946978376190550430412831723150500803309732530510860504221981609209426348656668612064549161659277940470197364193028076264242717895964425427565476917965059447165624796193378086130628279725294495595495424000000000000000000000000000000000
573285777948682697238606568262618350587575977423773300758736069773436799940931992296792029139614328647473699668403169667195790828579152768186693463099739572715102569204442673263175545549881736220300891373905618181169438112783128578998379290708749143088461721888408510843348903050785694344244503937512574247961135969095373341592239420232377201409602856898404654584186165471912516027341257142794746493786491050904256512000000000000000000000000000000000
2264998704998128479226267809571011795097694528130896362259023383443413968365129026694595585061989916955523382517895059707251047954050471686558733318633134355917953918039937750023961357234828599141901560618927105727961606781279848727398215177528412903843540642516801008287594649301073879116599040033472348829989386478571046284568415034775298032830600924426176810339273503986599655435903837934193095236487430672597932572672000000000000000000000000000000000
8890648188196485689245344866952811769766852759011661686061986086263241257204590242245959984802856884601112558472064450422222306517178814383338674996116244259744569938316747269567657351960569356111082581918799710256616083757159728766424042762215340687149669515976139359757928852488504661840562321518865351634986118051988645168471967251424998585785900477779069988202223633807801625794445210579356205905960192844369321781100544000000000000000000000000000000000
34660401852171356828190408334233785724049220109035561632691302194938324671222522686726988252967752263720401058733938415997265530642140101775301581695931758908249488860661536198130151441075054221512219128859338288927537519403676542682726405836296291146410595466626960950053264083785507526634651918179933097158929667762446100656844793199311486457930893442645450191505588066067317087487457076493034299684994910880480073093990055936000000000000000000000000000000000
134163110617634754381441621469839398946062950704743470392190834172893469087573487327724111936922256937726555471199142107512554959906541521332140778384052568126553355442144828050198673661157277424946428208718702595454486872769739211074778577797890251339260268667197632498381328681638000184677143118168323874989858392025756743984359382564616940036785728056743190939621789657136084357861927517621655206720373814372626343185638972456960000000000000000000000000000000000
515460371203676109523507294946729953091311329205756379918654788249625596096437513782956339873086550962109470343783248840304140242114567013099183002701516755664819394864978825297731334737208675233012463006231722197857497773190812299511370053779989638373404151807966158525415781299507139653116095957371757243347517747518272890736032166554558078580932669555725571994382917339890129120726726773152086709711281339424887525412336150113157120000000000000000000000000000000000
1965087917910761820757379195270383847330753245260948618266971228781112103658252885967683634776032043349075415242850798936603018188835672536977392240981541936858146715494610192048744817133919702301212706015418761778557633042486414484032231329390678665696723391202513696513323493673896381967139463516940281184090989449453848459428572191938049891372517304785685346482619611198405345270074963916711125502772356954594659977885978947589798625280000000000000000000000000000000000
7431111013343358927878741010457556761081847901609278470325558132755343435103902805426911913612575457613050112641901683920629200381349660015639557555152820464719180265588791731015461765875819648743725030503913699216356230113070665879884099309772671470270302224503586057376769769065118825464631719786485008702913078339219741584955250952883299532355361190270688343921702341531465027038991012645580386759566742223466725148869704278420440460820480000000000000000000000000000000000
27865684115765481851510233831707640899913082037090706503516549712781097683986737079195160632373206253527195249734607106841899477969891951667667087835506835842252125566673987211034628009113646752387820683373937179831911820027611061256402784000318502444072622108985126654239151793511030565223118803322053016645064767898188285746634836699270518724147596492491700822166471226411819944749883509835020426842104657677675127732570585057513880065429995520000000000000000000000000000000000
103582792630935204801453177906563133828581151596874592255385995063555100899520609034725328904088042962976375774235982370869064772672390396411965205425300095724967761974837055116153373467804372015637245889984256115499778468758849673957348060497062982929722250335668166136758446027591362723225055290950079711681129131930346752083589432745505497485854242153662399729271703201298230957694872283644470430051031683825035508974642504645485574761730591948800000000000000000000000000000000000
381560866072202558626934560955335675566883687113721818486715608989377445601257209822375299807847533714052164265401398182402013472254381656650726190642637406356687709061541543365131719217054660051239300374767563480821573882859229332996405722003402330447512253479380334415376406695810529200551727594235653562706811285409417043894626473345270210057526702528351743163469768266131702746633759274898543107302201031583113525121625592864900744737478143062835200000000000000000000000000000000000
1392365664258855341190934858935438468293900982739609084983758194626438959786072977726357030689561335454083634577702702723144349292067976526544439847996055729265236919573580349359910530236575704468186004977456749079451830998032842510863210136406339074185862968529129351947913758481408943631270161737194128221009584264927362135859182245451834040932068787158250429183080989037672223179932857852204764335035784549023869182810846691048810288330411626977453670400000000000000000000000000000000000
5031640652205957150504318998435712151511995453085213805792472226631269056569703978331184572603526089789438631521061127096794392470468497529341019581539705408398595128313548294694341969601400772654941196508622452497062775160284895859216304381547390510996976039304296834589559682431342135945472879997097079478179392835187818882655932417977727169165093260407490049964999134103204120812352637489748541267961849377227241901368081152494045735022805475619129157222400000000000000000000000000000000000
18000514492515611080675859868819041946079092328453795360719100513776540985551738406596622750695437002738495903281589727446325976536127836434032586428661208796387991411932333789471987280567955548311469695659543345143300295814681909178460416242940747194319664242362176476065577494537856375435490834122767811633595027305924561970835260951241738374338739106528822994842223582001647643519921307577826355329991077368285337826091515194039929103184653892725969897757081600000000000000000000000000000000000
63727949435965224218897436114155380007806780507042770301992858358495741683111689836136260087408755199914536038209726400373786503608529086272234247217577279300477523161369757640352187900807254413661368799390086111244030863423720265107474306808704516540145555951837862398734711991838563518246474212134962958318553823109560973865270163881725693708261912312530604684716389785999912432283990122865002121897522840930643800586314339088039094421801560878918399836762931200000000000000000000000000000000000000
223199901146582285895695486956712029253654551831259057693196217840592232558409009385541255274285395006336529542977679164267460516910896531947952273559392409936769869578829039094150903890562071067516423989216618438737305078860722671243311084527488524269816187605455643788544158049070637098570691322415343961313707778544971798522338443837506714673227486541381789063847400725940123255934634773148806395641139072130854960720858755123594821322189102204821144042821480611840000000000000000000000000000000000000
773080872668146050355078783980259475030201416183666809214378231187764232062655637753867410193140025704675651839597086587869152809527655866138656027338131088279818993356045729351250729575069238835893499399612020866136357391493579375758304441910342639854143077711964833118287471695674759781923784708184353945710841829606385309885884791625613758274947102165873597812966819113844438259672576662704335640948910286254907916958064614843152672219130765704649397793821855202672640000000000000000000000000000000000000
2647092449057837288292653989351586442403484169057917053716194026814566042985064643523575983776217044269415511017805142928186547486224060916724024159101104507678325959827107905286871207486902340463843211538617228198206047099966891908045348560824281420669837597940886987610941837050674375545343881005397233439424570042220875169750866914542901928523905517564951070678534746710373213300457348639407023963427235125334134483665694132558005661421433847412134521758577993681500897280000000000000000000000000000000000000
8957182247592160246413095014732346756953679288923941169588160606101600297355204798195328419014838367611812961801405406362647128349134386118823439644508570104229308938121917221923396943552073276809246444585809450624790538184449470069186342001567594356943614617660265516850313544705538306444504540673062348239749197979906372180186563879488897028047922777768105644761322847850812475905751567403617896828449934286584933794022822927807089125007298876655777444814727686865964498944000000000000000000000000000000000000000
29941611080803435776457836739184063914842414317482977179513837071638016045072972437226748907786829950538139859203616532968240305619961224383909967899849222310523646114167310698856070751045530355080977048856139756048610985689896984034056843497060265588207080678294421846754985456213630037712837516279699848980097814885186509724515857702572532074536096946545122772109967021806743935650034474532332191147105497238613099926818604248824150309973367460194990577308025498054732922277068800000000000000000000000000000000000000
98837585335732170062256779214839328350496759786666356780215170051536970481129861641638487359224990236042539458748419816774476791397386757136943401710430256883399365382133436309639059350652815821748395245642019315583240799012440351412032572943625592221560746409276000890806946570386236946562153781144757958469653963938921363535456134890480721003332025438598915413486867693216074504869305407187831395472090860826288073094287672964585128913201698901731530358546570863525891322465904230400000000000000000000000000000000000000
322071598088752197291810167939711633979583492973167154247881465790064705840128572745257613286521745828806490359629502374452929200776121463522291679268777912580691080397336007277641813090999081181792736781762034078289216743980012386953562540879154218460819470190614581164581004713818753774991540539259988511149040116511316554338756399656613013262354859054704620035671267415954746746792894055081859993515234860295410161899882260703977221020141240659148070437285641251060753280392470777036800000000000000000000000000000000000000
1035629769371775019698150975705339803121787823908991164139266746910653274191777719110467658408951356443996741994745041488180774861805117328165878130060155888292049108404958815246503166707065653140079540105295203478174381715946454980468976847116490405410858012593524825023420622540283891150860830904640313542767125583016875576139158315629928624518309978415206642603203645214243455839876016629577579762886013960219073475971904316836916432180728409685975341685374193628201922131773346909729587200000000000000000000000000000000000000
3284846969429305361919583887490658216371086381496471740048518672975550864436209956164270703312321549278320511809091069076472166113356906183109488874375578840666358328215241458965968464179735680744323802021000481264093525465520498127302058339069316742513151525556541933080822576090437633624882580401677097642063495835751692994702959521653548201121034909423868822785117936605535743215574317995989987673302517014391812151982069831771988497441041238147859157257099644482480421334879046859100468019200000000000000000000000000000000000000
10273518306779789620903093903042934597151869955895511095348823842571758738015250518084833621395961746287664495312618432900719066047814412448651874731401818631671451406319015759357973844376465749187044528691812703908978897552964541585620469233839452402715792272167919451326680453589075365103251788162854821605035530922691017952620155583375035502216735839319328668203867233839437962312013052955480090159507172505548045277439470406622341685489753995484553451005448113783624470231745097242471143833600000000000000000000000000000000000000000
31670122813513645165952680496762097828540341466560407423709202651103253808907087973049219451980457153733689280701509114162212176145050951549267554902152100201193532535210719230670017431349083538774242492781913095666750564589281216215822054198500847367619300658393133226634332403144670998199282377045845999011248352584949512831084421723656693059608593127472132341556424860133560473433666927768183418397417982833453362411005161327837981263700270454873622108395417786589047540911822512020872696346705920000000000000000000000000000000000000000
96191763265283511920808192664957482212958093339672797748615920969742814071767914244525069713481916450719364249688356122501393370133250462378107911609542083068339432855733272112725686581850817948953947303604370752233865906644315032412974720765654668132324818042390659961113857886452969581351291899995171929099895008580010697240001335779310233611840049948994699590840994977446393683169839897392606324620013948924392750011832063318536761653134682781611228968185614673623968491802334186700029143238263701504000000000000000000000000000000000000000
287748239507157658242786816686540533755609779779501506187647187689411867051580142585156945678756243821586006912634251858990507719033789084729209776341632812367621031696474670369854033726046529842329064321139803948658312962886313699786794669797646168852415444666894363698737369216425289792058363617000821001044129855311354548082980334624936188718498187461632281996845653755323375537931276944292999096989097942724567038214178806559588179259956193298388031008558584710344048396142906349511084258610824154710016000000000000000000000000000000000000000
847424562955201422810791034983189912683545525234145362283175709210073159174231871083014026760480403497052424407977551452232733192717449644059393074011536258458840545260522505313246841526006602899137202665727634911318856857671403916607804184136369397628476032110650610469204695771504271708040560869987318241059598247512877567330773901573315436408551285274822533034464909041393637134675758441588364358028932068972584482836564668759680850670523579165696632713332469631913051309228797588863079680682907512952848384000000000000000000000000000000000000000
2455996303945374150668624489987418027046618692863143824653905344817024692716282112958155070361063836752023507181908446348323799639940391701177305673048909738048148718770117828963136379731805936617889082599349213173123357418834824247509458104978854406284523006452969175864997337132237577268343459258298701404984607246114643332638818851952759961716799879994093526970883306959947434980394347185624464276092034512474373095457263583680577253120744230184960029662139047063490752547673014662033013435932639915701750988800000000000000000000000000000000000000000
7001885929775874630433058484632238685917667036969999778148888253351053170474354184392365114392055499602251747994920920275054627300529572292085552957184900928057374032949637467158670430076459741075484440268192018124703526868969173313886517075017797537861450931835255512537251496132418673392406029526679348952809828692886762427064609087255229725870919162563529473378811326066114553317175930248078545251195639820049750506830672757624796281461683708046868652799956113025636084852504879351531975298373481459788306553241600000000000000000000000000000000000000000
19628311816461061360686476980920457670716598052974710750768416477490896307327016894834001375450594408773300898350736782624516371121059591783837139865610363433885888040514518400152171738901161733787778185027205255723572498065886987705712799250216020334961673158044634378298601758703743773664721367145620183568851904137694267762309986014476049128394727006841589040922869710482353498724159899298763347170535075896469843293178907294473381328007991010589830311671933058964415719291113864991768331800121193337405871372757893120000000000000000000000000000000000000000
54081514003059853584239717220224682578183993249494270084141904913234162537295326957231112057577241778213906227082603785229111511491664312220261706099798252963625921527922076701240102225979617302115148030962236467316509257536943793146623264272825910711044971979526402716844019077261012771558940245894371195327709771658066714004731338911517651483890894934494330768554278410979661878080312885937641602551660041906774773123941021926851688937882510490724152582778997137256344124479064664630760705323448184312248453218504194129920000000000000000000000000000000000000000
146395395889551561048212496431944846481935493379325112118732222638488613629680440327019508695074453333519062188247643750073966357317426913585942873108457486920993785586954310560194770368665658481998754984336128792360975133260896497398721519262925232335471987595259243126524223453740329582991211803939245312108104970225271181313083118487819046023199638746271335347211528120627674367904754230534307027691489469376340876713903557860450249699968954183486981009973734177399593542450567678498970922650869548633758688447984098439331840000000000000000000000000000000000000000
389162154961030027166532396422035326176261523238910865716174004861858685284802935461653346935230100099776268090327929405056513504359106973239720131892799464724594035959102190868791155807914340741446731967104129841130964274116332108679052666148044791092250874731637476585143789442046463521997705176742188205725120206392190907043942492414263010638757137523008951709611506794257730228634264193258488995389708073489820670135518063096101769917307004157693753728071088790223237157702478263676378539444946105393248973555667065426359091200000000000000000000000000000000000000000
1015470685141815610208021972850318096788360370162517599137233885859633113818611149206396523815179547613258397592246267874171895577909957812472496660368049441236666637188191548353179861259384325487156449971621788672241806625675853537885525250115637390282962997620171469948585466781062321504602875268614736468834261961799972177940714008927871754592169613370365802544796916162618294668993360748551569794034294767556976129856575793941901084210985333359613768161621045125824964419569353226324424654162928548234751905040913070776783156019200000000000000000000000000000000000000000
2599822877781811198480299389991463657800344771998201800401605645231613030505644159162197259120587937299694146185883466726439674331057244673896331275630152060463613225831270259653825198544286386791640403216208510778542642197652105118034272456615527552743500446334788789611968198152475657825827364372143496798684856499678924393614718661163255044226455169725177372123644332987464397020945776469856847335189295815918366505399379661935281170019913681066157459121096523139839742507356084696489737925572603976503833643635227105050607301636915200000000000000000000000000000000000000000
6527735084830472616088175610951020303847278733037067705413705902954879628179927091814239844006696409296951943507430232144547448315823424672722709234999509072093265292770107463747381810707454718314346610964788160406742505457396871891928441839757207434781688023281189465997747080177186154487730488496128945774271406362106171738015096323668542293426943414345950539304110551504009323051787742061019816558485169215837991683174456699461245950090107410084896372690510379869378296003945199942905072729518784060506025026771093175650329306408681472000000000000000000000000000000000000000000
16066571045897349981881473284895146174186444666919713337728299007649515801360129368443708727155697574080731869395495904130585653477883305859929358374348208976456682745617938591670879199199865093617770333919670013492039584957269421893394141380207495230742118816401820184161240488241497207789936384265434170072123298757569858723164259809524728261154301940264949971351051363449187222046896519255615037963601915079652759606689516940747058149129843191502722065104398897680684339916139251404148018826626014274534856230827364383669476609897482787225600000000000000000000000000000000000000000
38745558113746600905656782014944043774397331762580488343993060360581590063655692128736484658186823583134810592274342014253067573637989588003245398846319918366262899761087860818471314889223206754726531316222484841120443211623136748388026553794586136670550572289167118011099100628803398218732782319778305983921757358756117511508904767818107952132171056889621240276025369049330168872115258902174633601111929517113309539399955663167353466844978716532865315492016008986742092976005807802732705332204041902635418449848262846889749458916118868818657280000000000000000000000000000000000000000000
91506363866386034960190120304276431320026712643423675856105276679910762257787109447744202560406674811095212807883212667012843946102707534639124427459198758143315992125732752529648686859854198613452947226966110008827215242753318156581450178877704376944470367425829924015358056342092439397899067229007987299420012750376184163763391402781019885672911463523644214162223279399570478990502940338304374481935430576833558210080496035962465134417589374075959153595286889109544184914351980466847153915249546762040268840694844149302902279960923183877665587200000000000000000000000000000000000000000000
211543806579011177632742001445041152641620750820782916964784705567640969101606447740567922085767334697536534015225800884161115785478497362454006937263466197469623374293140911109297316797535313255336731546676276180990125202982306829316474660228084297162358326561869045970892954357517217162418470274045191027367133414678311519371924065982379604209943503046348331707172459434402591158985244010731281625149370211201195884073685213250937403856421554294065802847833999522857702453429879865822363189511436522565615842361272612719352714543031813263360702545920000000000000000000000000000000000000000000
478469464458475337134954827835209020871757078078974653124155806753779754954430646066041825867527437619670640159246179105022173614816501163111673450397242353868394858682461089565326072486379115570531368006163415753346667435526033144951810947665839203042445960281742753309203813387299934501722298596437594295435302982476058756319553934142468180370734742719641204661132431267928568899077454315125416220299376029860933268016686932254432485799224156947278995403531545324068424593103644058586606632927345039258253513253477682655934443775293276642046296027299840000000000000000000000000000000000000000000
1058265087414445057758991192729677044013360543984160760989577321932097924587889093410743593275248991378986950488273250321681535728750327101140808036630270335755539148729012021407566191655399657269434214539322565233164518109012270335639356068999834097685770675859017211982118447344448825997677702708783680017002132906544034051427805058199665275578585912185046797592448325948326935322859774677134138613257321713726516595298961129890654387273823836758481764805308015022566012979180245738927161093324178124378452191232938911745624105443936126882092947109534760960000000000000000000000000000000000000000000
2287697377326583381348420809295456681079236020269202230861475752306351613544237916746741037515820693437008971064711027707203022701949405563729510871433597503816818137533645398814572699428867293220878479150526784087437283261535406262338974795524717615613370202904008565380510624054913324887357927130850610192164394306570669003027085681994896807517727946879278333910969420848778637490567747978527096652767507352309852243217942663154177383638255941433511490035968004653247697247045968724777862090131646848158999970369182384943074464304250565495078945733169748377600000000000000000000000000000000000000000000
4831034134788030577620058079930768870519471989130937741041521493519830980263430979894526128061193612018298060304909617966178006371435948092172666730941349875361339879925921257852674300564729058477299177728485888654464919302638742556571680328904209095493105274431816956596532799579182837531815150706804882404360444488151859514729343296812581388584289823370227366688496162960114214162248439363701347623589938889002005178067263996372090228852045089113479717809606936865000007649178711192439344894579686738853327495136653192848718175894558905615875489215417296932044800000000000000000000000000000000000000000000
9960671221753150947221961065865785176139392241662398417168905991063513856377382031548495852146408703646552442089081123902607754424127576779520505911003570276892003128281091123948767025490199660884295335803747831364191975146755465944910658782879995973580625762715691829549885225641604486944167388886138624694914269724480622415680817664890047741401400266116814252186699535143515886336622681441882204879210064039432159333059824352478652574048207586816978304832623677839247484213978162434116273542189198287938793327272434023228513291069668596461498350486572507131281408000000000000000000000000000000000000000000000
20040546345460680799270340413835015755514924855673881660941257255170937753542086272007800472113546475327317414247756895879149167396464314943297020923970814890010385051399324539731993008552388773652100395397938536927461031508639036174860213612037638844450917953030761248795908401075690599837908728499009616723952354931906805491475819922324912884181990969489552052096324279674863639929569172065051788148767145723246240118359333585854499546463574915095014807431322227051987817571757774860915770460385981318753087314426151626672135878322637468537761387207696355034304348160000000000000000000000000000000000000000000000
39324605769102375654507543676706452262146973808825985779854823146059595842106033759605103944023087742278979014091787397768512733146722953684700041718649534855836108426861176628627516286275879142110175966795419077874282489640329679883742847392253918147651367255447712020309102948862795278932711973257445152343412261586700923948332476534504630706319851878832511781130128034875094342748840943149240183210304413417231737752784716947725878146937515943617655546537351942849570511413400111654995497640003833911162630252912934116590535352978493966868442947400591163747496362403430400000000000000000000000000000000000000000000
75216032739252520607743432722844287042905214501324380229865831991050292498184612574614292576723001488842052193561680521472227623538945281744455651614921710498250463783376020789781228908236870127621292634699274806719510517439239136631880834782038413777172111060569998745311761436025805897716800935390370640047317431253436305736948825758687173695465530817821341588424018420823331409742685533353622575537035643261815481371617505243880411265762206098393656207812235445309997664892178507512701123610201400706071867949477407009690182151193304506833435675080563015705398564519673856000000000000000000000000000000000000000000000
140152556799193338759891820878198020541572906817289952460253558193012180597830118979110682534836250286631603104937038465592510831290446989851241987843804168565051876287704520607549995217322165430674502539469307751184894121208827777881189784736148228762282761836643816159412312468274224032762824952922445263736784544988014680537762260221127193483874968048182577618215937636997661327741029565254862169352064367605876412995548610150715940943669859890277215532672393531951934896162009748339585786239960557683115063193568736485647235679073147970233650466278027074539622599540674134016000000000000000000000000000000000000000000000
254264397455349131205863529752785544197937584431093987346447481397837360551381967919794729860754033211236791111535918110638311674059443136871564615297889067320903505992568140075688381079788939197271402251148481665687437832018081414787521332546496408805701257692197750211449935439205212064582287719671787218360391666074607360148871580668464033330120401620751763958403141956476656141090759596417032760270303249795117809695072300549506892852258578755070630357337766396358544952526977937798511706437083937608531041586208088447798505629452701964408794790745461801290919428953060254154752000000000000000000000000000000000000000000000
448858558338640891262673601528218308985626833477560577688317997279791387619903166750306836047846705685106784949778616849057475348018654284544164608615417335800886059811721169255066321640908049253982955342278785152201626673008405845856047892179235353055781687464860854196148549261145364676091076562413636118648959016332454441976648598717679497465688202420135369278625589090055878376963162671995813965709747176681870503560393185315523189100288809346968079996295106040011646437622439800127332561232386183374387893785197794318884258506739845783479737646598258248962225386170756271846719488000000000000000000000000000000000000000000000
770574533078999771137335834388115363214274562334735192006881550132847709757719943373608946462154239176661594408989035725180411554530102635389895442658464068263536097583302641892872483450303025223519578150524581634108866838979152284051139150403311108190478288121075759187232989542658757544482119714003473528453712536661702354024593542954721274631734519543077230267036102520243440914415295449102793362921340045036079344566194753166231633012758722852683708275640761498340703786356784442446452595824629342865400436669610829430462544615227125610162814365750197206755981092012939686258812125184000000000000000000000000000000000000000000000
1285698541970884163701312788157927492437226023646298618878188514933786719715763337719504486515046206961479285230398926620167233400239996918833000101144268450127617910031655123437816051478490092873798010490477990362558733861094916786649327484373824247416265688304770042909000277814921833012413669301382611116514717113171534791404339597094445161752000335281241973257291135639176334630750220706648575801257778830492831251678157406335556917315573191195925396104848113648022941151631694118191463969622871296464902512318501565164483224613825410011631015953700051727778256351961628011636459736924160000000000000000000000000000000000000000000000
2083616522346908616884804043054253312872521624638722911912294904971339516217087274520229228521118549074789799767702556487349633976518200278885778645667706630917215660358244741061156161232826980981943157806023219903572034751031490979344612294699321231630473760511505734839086997630792006984539723849065865908582349264041409462339548200281327541552674161217970226208280565633048523216364098386946587442965759519903447843619617359509670517155713813519149529402841274667599903777227161564204396832405517426561664537827279092752298442796156073920784488445379588060022561936404452025415244254302699520000000000000000000000000000000000000000000000
3277798115111187790591725136160567490697894051514261099950312876342454510747107648990544839886773564405406743204916604761299385988667002591804422316217822426215045415819148707286607572680832353809986011905359543742200824692132990454478319496520541049634987104545500934477357326533452726883506062705849690570665671000999193243492661466117595348075965731516100125337677514183576502092064078219674805813217331367640884250961780475531002451081298789503049807026363164329162562563179357627077068444066873620668621392068693759555272968828595989790587601754540551532573074010714440570379874004332162580480000000000000000000000000000000000000000000000
5002200718521933797776085468571168633472369519666688538050754769220170595068675646130330285339838850318996738918602058901276209698730298123498668960045260290380002958326441448450384549945295880144609853459034809446527317357263201208495570203106457862901841321892476300817231839716447261596876380166606462932394275640399299379898716822964090773818317836287267630223728900460402212996518964896756746150979627366167182505263521356753960888665700917643948414671750421172970985161481338529685292470983194209880844237139793493813282629903008471557551345280214988903669432343863168843035015304090138118717440000000000000000000000000000000000000000000000
7400834398897408940753807874907428637587591310242320645692576982253784859308089946530440477407173825066168330354136631100893542951439654769716731471999926720443612782853540853835836231095388451091348648830430748746482421185989035495655349980740365803580510004835201431084083555347791191061476693934039712094509720360255462133247407957775285614357645802924066329998138359507667133335428534778413642676837004069906869262529814535695828771325624659861271982278133153074383218454742162550922594882955687619828141700826230109989760308131012585328242894410320253498110656844383863044337974005507766547780730880000000000000000000000000000000000000000000000
10608765086667324071364894104206169414030537031086150970573711050591878673799552503949788033575854378679300548946687341497808113897618044832810479296843946617296742810718731491466140811749905128825723303063877454471056318284524251821147193890776771546389482726954462397127940983228441540814309852733489089738898242754401356760076741835639894642345241791643053839660707318390096934306639025023740955682580288478278431150342784720740330181020209062959312482306992915580144453099300551035754302307820295699849875719724727319869371423785612433822719832713450291047270100202950350017108161637602376721747882803200000000000000000000000000000000000000000000000
14724332136887687208326703969192939180124406659729501901190085777311513575997593201638008287871307769876319895225666474595866490119882317847049401599029639078435892693763744848336102237032933215146165564683892146392318582939230295758220845692797644829383319893896860054081737155654322148137161410870072219810640707420104071743715639680576101099190141062981885206262073958334859558409307644335681351113601036200601576727915889588518261750768747091963575957981393911897967426691841151335949947165278598376160044227428675427622211827305770413838027739258666405593642817654305139917210006255482289042403042000896000000000000000000000000000000000000000000000000
19774868451247959629250243531695041494072868108850279359090508100714240610681069555351666736397044116358396542439203623520652254838419893741696447147726770371010546920335888558916986995091208324883429288215370694667064469214394186669282452000838667109971896328558013795471207975409894107753635160093065655169684045760705478189597832497987576507210174126398821128297475889574410948882015241570533350187890323779772660495397206403669436077248638198183244775005080279924956941387680860139343913774283592444771933201317886676782838834306547356755159430076107365818048500561210413227304843988289028067808708480152371200000000000000000000000000000000000000000000000
25681383150878210454924427829490644835901820074223059812718658650931462385401752675898627204300924491771753761838981596726124183802113661152107954272010007976777091118041478820219353923108171440721093677697752452045910240995589481818643181826159234061999840660583985888580592943019768455927471879866728604792731801693607456237459159374655585930232754552032496737561535995741974816400716293311905765819724478850625881183234363949926371318420768503661185650119207449863930239932771419512698203632072619148311479854962047417919536812856127439444418849997585849109979219562511007993044759511649864858641801948710515507200000000000000000000000000000000000000000000000
32230649518556175933725577175122827892912467474246773053415246740586708005915328949944672393330549777227342168908944829990602115268671326258860560058443502818436636237826703285996130771997041865650856731429612401884808012538388116801649650408159087875713891159238733465136991866702019823262535696019898751954805953453882071535562788143204837729666842645625535563377842029571036794866776468582966491216942290543702450161873320798147259895426134811431607811237700870922873029595972507316559405897885120647358990418301737874965553100840616458221726281700835132907904565966109620484104067015751137412628455719152400728064000000000000000000000000000000000000000000000000
39064700832264822524114437306457059569353909767219360302511594046893040182807062468332324062606162566450754121167665562946154140515159377991180162772842851536355516232355961360699288697079372080945134882663701465146719496869198036218448066083738524844688305943065398444645902949769434851579055838900445544544500199404252679542787795259544244173549471579982070301221039113183221689456644208190924240389121408184574207519124793061934634382881000594172460208529978609612470543853545679304144752270539908165080066019130407508121455595218469119351029645372165100318965085566508329648987380277289630376043323747392667128954880000000000000000000000000000000000000000000000000
45696624667284985227064741310791128541457536960902090932470194521306141340392359848244116885037283783485100755528974870719953958539793235395619077851989431922219890770969919209124623539398900546420684337227412637744894654539430808543393406953932455697516128142361782118183986236925999843723472159708089217965161355992281711065247623334326714585912300759587157211777748104699924381327145242028786915183150613750504449548192447877736025325119237408111724572307637812692569911902817715022113092082126568184399712361308144418008229375202001140061701903564971254997196716337837211274911862618177503690294599258010699448293785600000000000000000000000000000000000000000000000000
51557067769844142767973976321407584519405284630315451886337520990347517411038897120763502991565243285515225176387736299410881990721633251864698168407292390442405651911800432000764184199198542002640013325213869345170870450322530030899721080853311398730706412967097569943903805535298129829142115331155981623191144064430552141072408170336633925660047586769182259980278058339810964382672605256398530328681659530748072928550106852721729589303814835971810739136207558411248140335195959083726184005303424770606679546659291856941813876479625921654942831073912494500287071464463552664400114132411813674404971485444920467642813796843520000000000000000000000000000000000000000000000000
56068438911564418513258295077360612863446784463826200035543271146404956731564928530816037651059365733934818000117031056360749004164622727081020927962827237616800411957251548465199069180804713593916188357079687624072959493075823271282806969907564042118665688047220884929456994804925566355355469007895387117419636987143792862501105065997947593624627370442538626700529585506311038643793483971083294625478447775550321979822060339936437377264242056601934890299664212082242370428562434225498704139846459181504923073786792302218369686247793214221154686866139752168553469083281266372543735378559739491526191512199859983282921024908165120000000000000000000000000000000000000000000000000
58735203295422004537465104528366442698153786149053668554560198286905247673027489334836632831866725005998170973803140648103280153394702149597162237216082166708442531911443802200878059939580528884078802276818859259817301138960931773025374317310267920899738549083914529114606146069059648528680239192913602126691846742067376996174553741224254329932231380432068204376720516908382165539733654561353299507256080111155425003075676105433821585384418621134678540084606679600635090939771068494012816823289733602542525776704389289899967544310357055449874115324398978886798003645403495449394373944258031934793125231856965464517110192308213514240000000000000000000000000000000000000000000000000
59231697801471967812617555850048827689783883906842144802208964491653885218833562685766432640715071616660531956744622605777858858307608050892413833301964962377423625278209504084367060255489359519760201631627327690485246752862932654771523020543295067184162732429825439175913601356871287956049817600511583023600932117726390549727612040760399415541446454375183001759506063774888107565684561610610024741889541600410378628328388726704339333438054965702929777703420925583780201500365574685515145563711479083036111254354107283474479971841807064679206428305879350637378403395582240752242173498677898615752832259115434287936859743215665597644800000000000000000000000000000000000000000000000000
57466439545289372688450392531461849859224282741952217460330513348262177642477613896901454758735532785237145767876489811363323783452735958848162094626223611454045190969854432929000667449503341939923771681127862992416732015211824016435897978573202235869769450854232555046780348153172008128448190000162204281864443684887643788401341051125979724029041934566946599142101518787683609724936221386600469378332826221802442413074236677730030972905383088523763028673296716780838948595350523020995538640404950660553233710918181584721164990385191485895626268681377246063669531516350507419127621753686776474901859103256167053973604193686978356156825600000000000000000000000000000000000000000000000000
53605663589984331772095806042880421963717109739276050563895213911733210953350213295157961086653810167154249986676340509545164700920978976500456002214382605966559631537718402388755885729312306567476751374302160441382650124904918730311760134100318634017070569087576612176497129008703056026174375165763389953602096004613216556018142538245370498243698949611008425594708462473259115651497996985986208961162673211451143316298041280011994816554903610332388353451385844836348971125323299829086599460770156502278641848917888082648544546691078529003483250571265464064339821905941030593791745134857272213778217602112623386334986630859946009892487168000000000000000000000000000000000000000000000000000
48048376144751829116286887398209406770574510935243278814583125102147393096837965803883330980386500160787765180497663046687616936230798366651988478133408434674808245894406498011702856731196501677840679385835277415501124568112126144019615053124713735664714264269928436828675110941390229563707188695104694053970418469705637460729071839364895282911542833673141537964486546051508401515105384929195064987565700960133382996257852836924212839637423922680270888227284030010529374028072202238098208811545265562508307197042915732177650867152078431141033989021983165460136339895905569784314625136313853042868560519034727813025698101600809161021961378201600000000000000000000000000000000000000000000000000
41357812831402130145917241000573171190687530264004612939859228395869071395948659705427964793017665705735259674249843147449910068852938844616738884694129117291492022610615758503107096849667627561445693224438837178106405174899817762943323040055132233145136014242977813955479304113790394153457929243790426218376065776926625958492038492802794617455116667306891005989081816680624888297968878870028776854765652289524823784325024227216758149199753817696576556951480210762644046630463223634846073694090676992000620223371370379572779307551847490308473664233235605480039688718329180550874378387170717842671909121435596703310431914557284222751546745552896000000000000000000000000000000000000000000000000000
34165704757268654455137312751475678445907627910240720405559652726818546362929245211424951525907486510583666590323183366951297844641520812709602829112498203849709350420293396164415673470639513144774344962994456202890827203340734734677084316830721463123650648528462153374397419280923243312904103291617705313796944675814753991536584362034858717115472033863377531150689858354070466931628709855709393843831676589032577519657479229380985027051736550531686110533625817222607097204953628162563920483466453022409730636736228572254243355917037877363502160168518159804634019611697359517381077527124478651074018068094963598821140602749487563526427431653081088000000000000000000000000000000000000000000000000000
27072258408389273158892014162834491083194676716737924789057745311116342640775703432279362822343723866971350253740427681656569509284473563209721478294245240540068440917722846851458291397227676438576465404425991024952897475896355914731547170541744259630652742279848257756913748706789016379901922344816620010962811865655914371822641572677753346435797047717662236737189499995792084943292755921438148544900972497035817624791625269897004907807548686897966257219454981514491255556218694253853341340408666446223683901485363672088074467342403897087255029732987430256286953758645699159611427694150968820064292650027344575548820199306530108766240064426039312384000000000000000000000000000000000000000000000000000
20564180556426660531038166365024778982338193544170899944469793178376861913582503749371485748231693720966739846389141063923800481967044629765505851354434845118512698321384034061354464262662071165303564634766524878106932749193717949301911289629129120243134182798647451476570025665392178305048821727515863308383097393233103055735597554738136987887867805052620779469211565598985647924831080110027515317529636142188220806856495931154252790740000127306705702436667176762134723184806837483465205570742676665764215138861990791175109791551532618775272899953321734552738556377705893295469396462503973689824448136610211061293522147655513591206882885824793364398080000000000000000000000000000000000000000000000000000
14966040020702633425502136142325085708527962827756918168798319465192978723171941846524803323848001022785226380880121178973921456719600982537390543742020060783004105953868767226048116240013180707310716117200299732334871150094952591440957821547122268587126409790824240872464936853399522340531567992622683688353325246935658834352291497903924371866742013482073980887090489907959448241872290982025996948440999815436905357132457194502102090557344048104870370867019215381519411016464277760213432648709889121423496234356251673414494216373745769967051247810653894278039013075253972020630666103087163672036085137832770316804409077803025880226111851208060908070764544000000000000000000000000000000000000000000000000000
10429676879240897351489260434787094441509686872741450822784040172405875509378534343649520949965954246864255299622014942519975776603994984339605857820952245778008755929474668384706837063175505032455811608557171371897155838149559548734580019481034675073561573368522769582313189655078473921256558330283366342801639562221567872206554148814840918447353288389328211679169187169187300659334954090416662958447862344668575209115081199602085311246503107190679299307941330326368272724884169452342088579729680093776032564216081668922443379123242098920834329607918336481279042710711258276823304960799337907978592268042041913703251361857399554118177393900622616811620270080000000000000000000000000000000000000000000000000000
6956120730225508851940472264056014603279637446640853434744802967247593330344323626794912820874000641480200728982702980683263955388256769260540915086646001270995226358081216739795085094135485930359123962854973802927061346562896890335837302173937700440722114638737636216539029863113883832785283626328216763713854027638896055951144505749336534269415923424544825052265569624905273000554962387090081377988036576169766899813228411854366931158778439863830776312462225161464199256194175068878679731092677796253522115418293897499992281511456573915597325542792333331780920339795920523093753629015740587254933898977548216699086372066398968144363173562166869193319147110400000000000000000000000000000000000000000000000000000
4437754086601530219912712362497783026988073586696530963330735334328092227485657955807331948020517699397363604694992703522063524812309886642434085544741705082561830249376545922618374203877274040575295566850769176631382428236087954919841347085276865831262481038325263860296991196843778741286795723571295472145517513135673757630254409950089151386389469737379673779517072078621852494773785219562581645314320095214780004208478670374304172246876321612677010934969038229653320480858761365768909967822817775394480680614298580713378741324578224019350350869677620402240766341610933690459410461552056888431924180795507135719476896026121206210157875915168863628719182525235200000000000000000000000000000000000000000000000000000
2706637877189867995390768105221366965027208114603456282747637006017585942335534876115130859331575011040699790004672188586077781705387577436919456754832031223901542666854837688483722570963330290147322574033648653362997434363699352800890603194629240325617619009380603263691224438652711197715362641154222055508983771655495365226815296458313136173614388910368764439840798935745007322564022342645692778155115510596474745509279069233725229335489613917740623837712140616976200067185867154917693100567374231039139409093414565303280476775247147215821006782657728521922177602687911489654898213464184748158525342434054371297441901256042238249665144371098643693356292498889113600000000000000000000000000000000000000000000000000000
1577399794955320304225378785711647732371838412143951951060440653311337913324875100424710100910181440625151487005054331507607208545406031128206544260729582837445366962939891232772959334678284007469858140803111061091540137612358087396480714778133410162924354932144606942201902585249109851580023739491082735393187987560151203812707992041578916283340573204295755686148738503964519708560082298357093293609645903084967180078427682057160604517964878156031937220498109532952007147569740891113081135468443788699820440668157967214871479092092544073388888270051369575693942170009773132158307131612978313127324539470297281692122641151948911151949964260753700781361055362287927296000000000000000000000000000000000000000000000000000000
877959502431958085600130366249147956286155486833338513324954062812997446963946457254469384637921409583300006942327405252282270158612311047468023299800537218844635967960244871963653933822762911646087904026781538372280871224506953409941520472913073475984516286866781694150842727848178367215869260816376451771888326337636779799705160221509524698810326268008527022834255917291525556475364732252086386331800558859400420187885929512194318780670951223869095163765492954093882157213446268168460441890928572634734723957833868123083089867153894513403867908161073704908335999051486428154797002114481610097819557629086165643940526802717811671061233918939944426379206953027355279360000000000000000000000000000000000000000000000000000000
466451563189594707119188587038084972839212963466922737769693105608575930845074423292868796801081553351413590190578733736709040668288443931629440618007328410102193192854588120273461651060845864963854162853425962590961505944964667713817660519704381023000081456110918074621297167721518512030772749639379875600599735517167693730128696386900726346814740334854892962316048765982288699201125608939250476803164911394922585296005911799247960190194242297611521580108681649152649475115959817848853462940751628751730272786788344081955319576491115539465129520814646658313339102212346664902368579181908536004864004640065783708663472665289816872009401191524600515987426690866992277094400000000000000000000000000000000000000000000000000000000
236438147806353376854624012968589544463842534372114221735785695127989937286544207300962983009528414405153381974381376734229719541806887637189701509116862669417180098768436797651296903801837994161109821328498238427733527848869034136868819082591511567165066765231049778761703159544923129550266942641408598250627626861427771564284688060820502679753915365472153570891886331867125490554407294611975775949412204487753940518088749364358752666619685984576063089462519053492289961690489243649409045413947849227169668394737070051305181003343190036270345239271018454329643102473196763298949787589144682741611674703823428335366235726697319188201517753088629114839105680235528764522496000000000000000000000000000000000000000000000000000000000
114284570827984666500929660246992551242281389890396993247570247227496599177835527422542075199977293419458347200818242846160451742162397538465127132406581882041315394025689728115036581912716895308436739233070542056922120707385070528108096494184327237331421312078789512662279302413164773544508570638330318919194912949354606871138819951727050598088147655627979223087545150772147705140988583022013994854082987798329100115783143186697132940605188006131087646967739104252343852901296867466264833957800635985872415172158560983456915894986396264096897935365321565699493003368786185446461363688004642342619105506985578115301289605963232606349660124267171856066263675191969070807672422400000000000000000000000000000000000000000000000000000000
52649789920298129725936359453890916475361521120254739466748447534597130704164938888079458329564700834348503325571200670749952826946632756953357524488683190056244481939473858678791438691533273877587909241250414239167366889377624405955655585184247758514441813581102630542362078633480789826078738981249044338752556852420534125229531386646641638936396204033332839800172343630861102497178881012115602954429513388523247333158932911797059374486158037996540661135796718858345122452898484358503073760300820270978234803740578005654659275105723219200932538749390433337028165013308137309563725360816587056061428192341342936539103765439530377690218685781742344768151696806650895336525424230400000000000000000000000000000000000000000000000000000000
23105936021853513687426040128532801052049076871375798487697606577166587210035300998253455304303373869889423982733941073165138598867296823565652047277119688530439332896302811991995169358970850662648964402835848753928586351750599937222000931551058504414929555878072741165604116386429535012060996584168503960474408022231306018591237881639511823770454687121791365471839217787588998217177843156469815306002320111331923696182144297671157216407850324638120274838684265735535379929193383172688000859646039943186711844435267227563589018655562915768148829478677614806928099905736651357194147574941643607456383292543871177896527649996949318571011149065508285782047409418202414292004623089664000000000000000000000000000000000000000000000000000000000
9654845685691948338824922885214900132037373859515666325238323947206896250787458244953123073944323040342614883907833897857773775009446072208967264447753628286647362053296360913626051230158211684653221764773472038344040705047139264981227683676318845712514730379311430667370589538130029385311297726326707225331843344151690150049262637597550259356093269017519295569327150130464164698792330288288739027828061527183289618251699970926462788877942649106948787586544643728946096599180387762490496184226489307918099174788467411359288886700124392366724284616337499237054485299739059933541149041585058834049742936826043072631587461471506361961503455331691574721958493726277420629681309640294400000000000000000000000000000000000000000000000000000000000
3839158361676547993418914705592412266073390287410916609519508953819478884744602140862090724511890044592228794278783469818983617939769460602555228748395273542191846663538418069220412652294853410480672558447459820775654422163817215449357959416764922507523345417931247081607024219411839783366404364162215625607249649175258408634395915950388448448927155147443446866060713724485339607135032698146435591781374700346239663258506255095964569670192942075657609505795835073706581192329450958204939987342328302875330773986029888194047751040723249125521562984410254475725352939526209116092602800794327737078527381676137266061318801985210224845988411965472610086931371333228033651678846784215449600000000000000000000000000000000000000000000000000000000000
1451997263990668258832021842511506958390155710363625950381093781514306848062416779499700180735546169185725549899296231715658485113998023428255553978335510219917607954837106784720558606150974415022948201274091040540627730514307396716459240021454353965666116999343626756465061319756248764142934816076725676831077430642317881788569923442129806156756938148893545748439631169991145998749580290694280646994127323781572239388836590558199807350852546043194750365639719373741633049715547818099130198527444533632847663926051357779299799394684198440687448539687832334616764574162563862907225556953026796283191598942335013082606301351974519539099966344449194182855113064974463465415037389371342848000000000000000000000000000000000000000000000000000000000000
522035233692443061062664749280424239255776585418764384034656230854337233794904843279983555191032721014251179075751640603605294319066109404902318555075299774891114704888390855846898251572862925019018791280505757340331381270641470557580181515910372515101840000592680957412429337959737980487940180845984632035264819761915284639147037912397815460227273417242731638415895141007661606423492661047950149508397068804713461883484992659982375330741437393220057391148833343535124209275893193989649649721755033066383106690961277208860351181489087879622799021789370613210545117053633080170557627505757856616931477387861079828811467214368486987639906564957208958955552800753618375258738019485853994188800000000000000000000000000000000000000000000000000000000000
178318784832624203625072271513808418130214200370841071927870151280591888257579231197809752811789322701100598905800099608590813585410725153912759710325491760065104354970743426979451392983713745799043289415299183629404076107225205952620781436580387094886694573214307436389169206613607496676088131547416942783178699257101401051039071640788469080254266777105018185959765540280376988108842930615051642511593006492900001201357186858370388840030798130413677459248263815042078497446201230750493448546486467943271359551211851562604041347286064270688083175020542957262204530828767850235431843230558614116438378009245910916835816031175245154915659894904641115038559045974594461144300471683433721600409600000000000000000000000000000000000000000000000000000000000
57837469086729191926405878845276972983938777310082770940544655904561876807027339748655291729408390029877396917728653701641782703172120600570460980576744564970996344413585636130198006555502128710403826128482537096832171334056160804825212547457767733781116976262283541596726451655861978471597623074394879993533733581783046391659316306104327095915805326008588321762069845625169781453371563050518447295252537373963410753119913850282594687353458304263394338077197336749841154828320051403741720253872082440264911044488406722260276687022927171790672991825409703483989552434141601203297216630089806340659512326365013854013853606953719685087253210660137437352099300095272777888835040431090523588001792000000000000000000000000000000000000000000000000000000000000
17802431926841178227930505343898015322359882447531744068011612363468674801468871764301452794905360291244864061011630799921844497418124499708371706321893775703136851505382644785638987830213511305791281119162675826836022262084039131622295766742678497085119980999449755072241399280749422850425452510761927356428881493043156567745654122393112076617621396198493278308666531251632242446662704646087766413078400007939533001651290106847776223324947515838970686309801397788841147164052988039319136816686760074107695275596207170061462865486650320456355120295523924246498031563252303602555117710298210708112947416559752332259747989348440195326536060472699851983836663962044778997509274514325082254209974272000000000000000000000000000000000000000000000000000000000000
5196849659181747066391213730584353438092554555708086583820128334208403638093731691505256717788411517572104451490939542138057077738752848895259202049838786924357519000686050037627184879818635579736301774039498701998061319127088144206128068399543040487320764263985812171924046047355730514169972735733531278273289390773163173026087485129818239095141498080870595329656127923767192946047672944691031020397515828087117120459664127913540253396980082607579644742270853757052443920034815558707328033052261590727609865093966969069202499548118994416195456250461028386710726801880158569113597996693395936279145780177985133171168035836734839818727077408848374115176289991082234680401126052900351643453642244096000000000000000000000000000000000000000000000000000000000000
1437848338597790507508170571967091663096410517424014547542015494771174263074405878767551806369661032123791316418870953967965563466126482155758789836027343954313525771730913683860898410258531382932145120878028262223788264338195027316535709145069140097726013488063264981586396259624420206836672103398481826182598463549683447340397555967671696148507023317331189259356452138596424840880266232906842863358439741954753950001665501901897367719385227660815044547289166251949721176907985843333748110522972419322553743610371932075782473061859308761226053094616144642164524363675914952796574850552507571591660583886783408336255716961175355179303311612586272645371014789871702771469348844364841282257378571452416000000000000000000000000000000000000000000000000000000000000
376796014449266101865147549526076725370853612540135830945864305486377482134469630480746965569886280640183614925308858461706108982407377312843286153976691778451921329074233057016194933513207152978873165612049131628017222930863605771750104007912982448194134728541833876460282107251866486543929587122220722453843360024217153548863085435961379040290607379212991230414737258716466476628651692695465553076199630131814210947210038069619737286546930475513545512020884499037927054518716118522024868904242643220474764037293473303749534440968290878511664155017474761451278768149720833104085300043183891576695527184337544636126149189684059254778811666926459344125381818239499543952151418469529209898171106286632960000000000000000000000000000000000000000000000000000000000000
93457276296604373663436873006090855996337168237937872883095482686955360433220487217147634892452821535071090205999293271376477012679656440982473531315647777683459720904424274770543887617991982537144510024329432441776594752778771267766431600038995355848025760632617811049803782247005329788737092607290009467753655890011638015334505664816401784306524964745344257077136577151160395232588378114698099979912281899541287958856521602592659394887669163310334471444082464658094189178944180981539914308920904359890412273890172027018315113628809245527540860469288170686417835920154573853847340223729841381103608308580046087438524959770110339356228293834075779533239913376083540372274789186223532259920177845082521600000000000000000000000000000000000000000000000000000000000000
21923510133938059194381220129635944150246525321490963474915029772026934546367365567142476061310451181613443149426091382338240625658840899459157877908699741416527553247823218105744262938296543101653926266884582747667621474690574485386317292046094064396910604912094538706404030845864499271912111850758321348248688425537418341469157662764728583882148491502516709377169709097619776601832373142926398254956313412056878863833988390159261283660421860417052250869794780604971979650301588129708126443708201424431707669127562290714982758504095959324050553398111925353285936566034822483610500755145800875059364253891741768312202241847116595124948317430970542751304013079278208394008280075600184388747991997278794547200000000000000000000000000000000000000000000000000000000000000
4860209200707367670824137483017784989382895285575973516085080807949728442412799238193864692988449643378077692477020489786841620270829533098783449304026389780847605404304568349434131981821128866007257777900265655983482723674958090028912262772463340577689071783258690991722529376362831293050755390977864094543300101126932939903140869732226115302462103707622926859436831467699367640547973273110079243779782473008119194183008178808430298850517439737710117806800707635903076093507355396690410543041667632773724703963516883797148156600637547457290040121320550269746448997314912691486531447571023214240507982994432392985931116532412293527731194895180891291683005819538198380640313886435843823295224762945701203148800000000000000000000000000000000000000000000000000000000000000
1017382952826467816799607588361017386654489395164726590270146282603464884300998099959520756532112641307309139402900440670994780999777996585222045826588849826921417320700730998931023769598166627830614000361748221481374033945847151933050490025354084905045635929436620741415519678700997166797669544921379762062889269000442805725029958150725301607588973373061094800460579121075743681068927625037631698047130317377674083830592745959235829900001043599505810219456434621123552248255737188856222204524958954684221878568259654573484834314214918101714207154113154251812468696326174727805695567834982532513204836881912202787130436634291772840144379334954267728291971004682163640894567356726572833094826067211725909786624000000000000000000000000000000000000000000000000000000000000000
200914726938504192003830418974365868830424801037463082205803414188885222385825354597722069117677387646991590624626042027801618398969413041635092526061066327423576292080224545126780003744579554632452212833140165293440662212983204491927027434271918904105256414973585428775537843628928676844378116393566781495513334623389634329394767785250139485190506285867529054497919442880881270411340860748480567201427695577497771349813340754438255203210048849474548222452986758994110383423969733264609731720648613729650104733902022729847820110282170559079647042581820218276129386760068502574578629279077912354294907045630256900516578602064526783457802680095338183554785821376819347423783289913664196495151675427228073716613120000000000000000000000000000000000000000000000000000000000000000
37395888099831406573612543590224623110047274686968461721241496605277609156283364580311492800275882314663785745604120479449140054040441499086445837859057419129036418059181973317838357977469483245393791635805910525254481111748498425818892812528659992226863432860836613475822112553665311811225353670587186845503204475108250960331911759326001924112537259590822693087355369265104330710859605109165603228862616361676015367067970155942560413415533493179168965102387854348780851260406375581423278881669980713165845714196421624273417793341963013148194992485373049529491055558508317032269193974858103179008483194735122522594227429270177436887825016537338074727464429799155117171018081307804882878107714916913808441711001600000000000000000000000000000000000000000000000000000000000000000
6553575554078394616265425372269719398726238797457347122758194596099224305115412341509367404771773460775705613850942188809638806861376378271431402457804906613599946064962061849064479272888720987457431449819861430990523882197535072300317612356885237613741348248823688109316909917726787248836042976973986279568094260782308824995404859995087646750127850658499183948533132282491322481992597912123942489053110154098437674087219932446588729692512453957233328780508997010935874061115075493312337181198025568920677448670841813239428954185559731091881341817409340019445318467919909997091513244690819782398702447770478671242117835420692044292105526800619037066173719410164807554962872080556712289265741919301243276364664012800000000000000000000000000000000000000000000000000000000000000000
1080189576073515715648646138498808458793182139677266454862141965031778632191995257350300575951866046154614855251433385850907706643335815151551701668200962365171821154146766052428281996969084725850863135751465177134459559306421726119093772525838921372712579388275120868235037141477314018043645670788888925030996328698230283219490404883515073092487235208201106897937343424756785381890414413501507399420593342463504727300504260905574030809253454536091445511454371446662547757977412645791856405383279540354982679588713044695961172357849573331387959532524709496214422469495967974995293148821475390906256834787128339622426976714270562830051422139652149877760205552616280553097828886909073998146472540980642433807700459520000000000000000000000000000000000000000000000000000000000000000000
167254192053999257854011825287410683239917056831860826455403688731588699311512306561578923895323173849625737170222444721621605681028592335096352963404268753403231178540035228197626266785457643517408756702931295621789350707528971270994793933475637423195426985422139230373220414182195512654323674755130426488178068393949016869730206766438997133023021206088633798584681194488034075605980694922466562869906529116233557046529072587259525918023127998829275221035841493210507334078134376167359225183915946538233608213079175239023688722597820972204457547492933568290509515755157025275480168027092176665507074154195458215086589788459772367621822230933420447571091339558094469451224524439350282201471268501164212184339936444416000000000000000000000000000000000000000000000000000000000000000000
24297210037350759610752889792274947443584140241866623603511763096252314668269037581705110347290577057237372850121062235150161203533870492167565134311859498065840005258823825301466668281863681534213650097390388467557141857764645104962836952791179086613397717701074146090071947558640612131801853670614769995434915572361942668336622180434761859781839021259579457574232695006960146146530121672780445341938224192173734815041315978673734969799029904792085588247739811594688770401735189134222626762285720153279654942845298437139035335430406686687821314891853176007725469056435928108719295499515421506197748090399260528295304976596715856694567007544552691472917975110729971930415400823766041182209098070003566480380225986232320000000000000000000000000000000000000000000000000000000000000000000
3307036098879713000482917650786191781784493045980858678479140059039326100519237096517418314700427538589375098493239569842454020190569968625613765982539446346764524838856027604292154910573274166743530638573289356122789910721511189681220248991997172117485871639508270274530166211032610173892238909952457708488521042617504476833737732682538431103121041927301743557983413244711900877134309611882821261402740400045744231288679251283812164562744079194756657703564841864197291537504915185262210412190941707260289930504315066839487236286909446413864970827049725541606111581393055628667869146005991343116536351816386770508088158013081222789591846654957441005351122551344612373181495223119164301862700762047287162365733358943600640000000000000000000000000000000000000000000000000000000000000000000
421088343456888728493246286868603100792730836677558647329651463080704862717217957362241120130309629854799632350476753813267719718663993458740870790505316940905584858441608796192150633467919130151680982649832724722335046584669696946975143300315020316149379546135366659454697535247283660971551195270692537635192270640576935005368482412647900725384676197110183139805991046277726988517616475258491379042307860091087558248490438580466850678490570558785684578801560951047302013922027423370554645766365099340940447037985596113862488488374210874462731350891117270260484935191844682882487310274450827415323642764075528617651208907197844383759600266941831052770506431376658079670149209088879076342315095918331933171702413760502169600000000000000000000000000000000000000000000000000000000000000000000
50078220016908388320676578778878650061867342158529866523677279842257024739735762108446824346248150514726457194368342438508526114129646836704725239209615394541756336528734249336838004829178826770762847869442687338426515279938888207986982096464532944637324666237216189687101860410651228585242924886883403503260094706293234639741113003786246098854856058713112724204675131463868798916191600177246021278191948730147132015800932502378256550088914081530299843460106513405910928801193519583588212200452199114494566051721570655186259881588943999323294798355574552337564507301682668266341153946759294033566983978266460652944124351503680227130461832434927548797697035953036624743130279637483497654928570954411200066084451446713713950720000000000000000000000000000000000000000000000000000000000000000000
5552499278459750046302016319663696174010617473641736358586250209426067227344500678979034883824457776381670012383218749126979322087138407053565744742847037644560388350722587974102779125510177353936063274933417539334387241753378219141754850583046628206091868218030200770312071750887844383391022299105325393227974368204728816104097525966843662919627908887578377069190639237134881978732280023464169299872632817590159614452711922193567592855390386253429107648750808764780570489715489139553852848596764110368192032267568308080896722246872969095987408217909591793568278766099642808543358720362869437878188153992727023201969115083181226728448639404403809719707551839382958799364811074880051218915106754755289236086935860407558995968000000000000000000000000000000000000000000000000000000000000000000000
572846333785673822685781230165803645378084603669213208605204416725595802654048355935436837432944436608411547570923025631860213173362282364019528474263594056282481303031676750060265381865256960226580548019375366215314967482001434166379923727978984253420275638375489926500593052941029783180613347949929744123650684857895094127998649655503496034126370201258620368326435208993273109274499859636293964659028883125553429555666965541030571174809941322535308558072546833445420306377437899388830149113411552522514880307642039535646442875524993475453047015073548560274765452535991736476483198086429587545569409399262189495035217622661825961156141073561982371341810607143353941504809147050078065691568121423850027892715441283958326396190720000000000000000000000000000000000000000000000000000000000000000000
54872650409714215881074580839540312442473397405318366088530307260493541122927611173219722543295346774321189622876248281237464579736539745297132711678243562018024567747336144382557305676153771584484087005341737441060878765904322597104514502223539569193416079043449217386285516919529702883889257562024460067115454041889758069551018686785483405150017727837942561507783334767100506454354769446858502719263887273185498672494095382310786323907545309145051584726433561122184966421750656085809955683019086596398892631007801844829913303984800557244686377741440697056811673021200461172574671463673610095683734382077346250736178437781440123252204746718550461103722121534867658470497941492387920262258640029656541739657162221715882728488960000000000000000000000000000000000000000000000000000000000000000000000
4868538455036644868302486047396865707168930238003317651652988430595061649125795015824428851682669390979760721697811618948794787557394156250678449617454625320042140448679362138040103830938882771457051074449780754259625412809618064927787497363175111441656220125235946981454604755020236171548716506782428721102291801582978447417176307863228822324621620010730974488965495630735520346186819893154732365975914480540357057276803896213428522236031670654135969921680584044102462553594133296136909901190504639792604469586553720061642196931967826868470964653026871696475294418700384138518825925660219271623162698728979818952175432480478582186117784211522715912204012891772139495907121945000445299268825297044523399448877093675895912849735680000000000000000000000000000000000000000000000000000000000000000000000
399029342071882016479564578767811010204412605895228260313357974642241261731360412008359829988532535512636646951818846685897961510143829093432921144125766149497916030999768297864144408114061697441035992676092751774064268102043754927999815260567448675353726502143531842816769455235987203424448851715867269086136821706315369210091320344370252693903832174096727117089043914183947422348823884378446579035112148597280561433538222879011305019475276938463726570188444500989180798572789561531352303206236394192626638973991890795652160578669190063397397055341616890138244391897609040619136991159687521253059669133041711717390544460445729659381414367501539153926034038160961384707456638499414341634967196363466220620351070499053584910594867200000000000000000000000000000000000000000000000000000000000000000000000
30121391829943425905041346428485534929541094587718342522636473943718801346690462816540468696187378759605865497336986476113584896632954524514283320176488894499879031866560521958962226133753035460061993993426995083350943673089279052956359568747542371057882208113738158482268461279043301508265849378133282297202214952349252816795619134297930278905025439277120676449500111736662258022756477953952683519630360143795479965213844211317506595336297502006193833243741706323393439386639240000377590318460425496231523175916733808926029670909042482961530974471471283962592604892877082640520898587459684830486591125730848599882194954946427340124283314679604648239609759481677649900100197432405197801992669724256650702647952533136085251982675148800000000000000000000000000000000000000000000000000000000000000000000000
2087114078652385827581018862552061135583339036216337341193729842858436625293050357786339194690952846266267563070279110892712822460886730839185263364510479698008872878033648428257370401573015159077397245545769281905358191280222094295170400059848884958306914907194570910158905823998557835271403329132618328091278135349086241238334167582569904875854673709280866787468864307006070242590280984714240805523563470702269165268477574460331806632729169434823312611627670350285700273288212724838886096233417936774244766293461900395031728835875931185053425179300812410026169186593055559209716813397641428424374958713904493572162992992695623317917967340770277113507001650043358207981689584073132358694956816007908788049181402275421405279893533491200000000000000000000000000000000000000000000000000000000000000000000000
132239188604322874006563619976002132599729973504816916023185059336250496850781385090375439776167895087197994653806610052848300189044204969848628867011693481967846095230145495067761690831239026475163927237967404299202719049050025187003272069442504439048777712627470186223241691757282055906982843005907922828512609283628899964321170169041922467348044916033195557813866091968370559093748685281482865445975969988333606432771547359897389992503841837872476837978909386370364313904373906523401246617807276833535392027362348830392218308682415916982633266774571850664154735579083558656066296514320366191535662512053606254908198421009955366964606255672831504153964606870586231698050053046353602409747352872615683509746815796819975873883348664320000000000000000000000000000000000000000000000000000000000000000000000000
7628224146541403275669737067693828307900724805084037518856635116659976480087190883536341721994382022336122567584716987269464232132299769356006068297166961285915805547214240513434517441605929387117726153691472495835099314012601147519106705256369579950642201388912917103735531152193063753222078432751857133154438765785095536563574050607157386701839016502383462594604247541994613588125333304526738226968902234771849463221189357813520556679062981329639135312190204697401411503198270090434160995962651542296653782861145561018859333823006716151872545831464910539444464797848904705029112845328905972205221226383112524157470242680018295405235769299725371483589540068959570075928067856702524336525945980951194071950822025506424538659420421226496000000000000000000000000000000000000000000000000000000000000000000000000
398615966077328251893694889354458170364181709614749612101913608009127356387974591493253238610520406315737214937678743915323190400412805153904141299546278563376039541932377194602313998436175359435371529007938035335492401638964693072757380204260247250704172719492972514602003770988524753489996854265767373142896659329722493972130519410123549612652914517335543616680060696882753929826291037663379482001903698439069196211200268047647423838733787368329279414384931305986527292063846025295732412081812973251054258074739321410159323686604922652651913067415042115134173808261615696630037913289950985649324536665603383846872958912137220458061502641791559513911027778477314570607829929864160821653980524114277532913927601495277072335773535186190336000000000000000000000000000000000000000000000000000000000000000000000000
18759263500801721320867594396411401289025691230168565272573439366409760086816295785897795532745929909487264282784788475330612435247460013769367185022267852543327924856716126504964124223507897436727597022986225781717936769024270798582294203846824687653186413458028225634872685451644145735469600743848104450703261577528716588275975142592802521619073833961128547079773657956874871463022074233883960154591386397061525519962822174551246200375099717952297389226182389488296648481045963762379786799734747446809591491829998861217935568338682592866016380973849971823199871294107928350300767820727542343037647260127591476870808065762264142058913732565383934293362770222694528890130618684698430785274374027198376117930018079593160771364075691929763840000000000000000000000000000000000000000000000000000000000000000000000000
789620950193687270690750182607019980655906851249036724425845378426028157889987589684434811632229278383856449496721253696154453198512943491609845256627913946882484209834234155804346365439169434540202000031854395350002681638371405735074265573921812145179234506817318437200872940184661063245928665548097963244513599174554007945325810442120840413991979558115391023942344522679551311330721748282858906129474389263573117768089363350101212661706761207680603997933159096750367613115010022934358971451033578960433470642961520754949159413794176799148326184486471671764717743929633564666799244964137290643673442006356171792611819258222523736248166919147849282723800670208145431218666769687461624937311964535337620591900599802566028366492298762791157760000000000000000000000000000000000000000000000000000000000000000000000000
29484694471442426586931317228622279062024625111618151125997937310741435634386131906444841395395112873651036295457362314972437594276694326164061629133595251045893631859237959035837402592111803501352505474813181013216538730586236716178711365944008561208676655610748200210888035236295849572058427688470634484422553021880456428392145187814799759316541462375026528685229819082037634859951258002978476238508497813895628289648927960363819886906435858474190808756125208016117498894789949224930902381555605915423274856343372888703958408340821411771534671000353333787907159547857014961149088030219877152551224469658845335264152957619749994432403787408812674332701908479572592332176292021663890683925895010485360683568142372396637570158212617079672012800000000000000000000000000000000000000000000000000000000000000000000000000
966988502165518720986387266261450301278435143604631405851989289319240772544080499697758060063399676379600645911283178938636742972531893432936520010601897113485393951352739996804742477541317862426945365592582856586334405643920809553806195327309971174278474280957075442161877371624136692653604214375837004814359688618051031291965588402898283805933612749364832580155956689238456869995758448497801483841629460104278876565227994659011120199469517532664820529466763035036112193000214860354965520395769294261351507260650503314319966107256899840788140440980293237880162315734696907395569650106742526992933989636242344707411421787756646974166591566219286049835134303400343056802642439833435428718296838904581784891360171209501636519359337557146363494400000000000000000000000000000000000000000000000000000000000000000000000000
27512689102940376416491533206718951756621456315798142558198166015630247402065992782633587026526893098422214842962965664545093364521519812965333826793808470634746803288805386349188858921116172771707466372874106506709221718348094881968279886031774460247231090950356315644859648001450503274943465520131646704999686598460560926560733839217990066561489301671789555815902531872963229782113238434616467097106140756036591018439645841835241117926194892324118346008422192092096086182439234110544183169307451454150861904028032338426722223012122771556182265268427480436507802965261256606321713126278774345511723463453509652498727056809008731882600492301606567529997014412249875202786766405822353958118121758510503832316539350354347569592452388083863860019200000000000000000000000000000000000000000000000000000000000000000000000000
668538904748649679250436808851441406930558170778070831283117475085535666409644516066823407748976679836938725335840828198780873509496076301939399331935413872327981328686210320438228118452198962553301878265615926289976834895129744769465776279062629963846802547519328602439150632044774428891143434680037643411319929753968720267744485540567515101017748661012558069520826482102574179017277034251924119007235613893271907886146635769449934884398541806034669352069613389697553312837486387909783765138319322032074187364595977329526417561972477130291022630401154764285632205004194368248749056608606177000170900701580250503582053614689197189088275725753173251990443572361768041638373860014409595234761200129467884477138574332481947166142391637711774757683200000000000000000000000000000000000000000000000000000000000000000000000000
13591912351316062495564256998496276630150977794728846017497023101104933004979310231330766460371472222249885706854412588217983388458545925714104758355017487978974424067670337644886232325114211122487716225120254250348796863604308402026022505826438697047391618892970256496683480033263826667874738398791825701295119249606289096718150914527885466985340729127631216426603728124715805916707291462723949954659889065748151550357718564337811988555532308748571660404906042026332575047567956766727730972176683240899226629792605769972225858403007454800502500317701584788719139281590867650573727399256531783018936627260662974092625228373972199049837945457756678848606101276814926969598427088484571841113496988316946662770101340262681890616000791818125967360000000000000000000000000000000000000000000000000000000000000000000000000000000
224797889281084628223114634152977009445006432195686323376788165880940741017380140569071634220692383343038013199895193645912254737943725159474735227794062488539736532370053428387029409567505727455450296417307064590193365834019075130329641120221062105858963596495570916601236816521178965732374293202030445957615152611593808846145287725766817703348658555262322644955440803089305237892903844918665960041606502099973759195688743182584795805308122302131116446755305881679437785215775975644551910625980635387457485262161930661352758943937312701685799380661840837450392824199433356528791938083156236606956894135113219680641874211057434954966528688006697195197223913677127623733284785679035092114838106747458385723048357114235345969682354224725984542720000000000000000000000000000000000000000000000000000000000000000000000000000000
2903780121959305680375162872295084670487226397814035154106359755927376336379019015028208441454869889677759048909260960362691378977057515016171921258642885396824713466614203188933935882050977717601478646309499007749447409399031973432375606730201733425861050952434158237837329992667398058679466803609068492778557526466276913858070209117398953242800486506372979679985593170830314470573604129275776820332320145295858421773435624119848109358002005860311549692389110443364363278806047871146408837316370074703874541718934147034779810537186889408551336939877695461437697809378338922571990782091572659356599564441872889979105175033811412494706695232212602581793591517481460456180439331040315322598316917600910370564503921918069476687192747590479928885248000000000000000000000000000000000000000000000000000000000000000000000000000000
27466033114509573456894909452522296811915428073895839102330982251724306305928043683669225467821361323286482449811820408779596478031436381229197331688773213397687629011016003597818295036026925012786249233020699210414443877830393979768776013709507702880945245866002575736257407322481167086306039130159060199379821423246216058982145501158015728166137422714072984335934176913071173885205928125160121282054925583445475779080872184781664639844126620223593015843053975500254575671606067346940427585900740678370804510906363033860042797147058551250790591520145458194375122764535876347223480102236982718760700626124204422510441902030196016760849496094262852677053827411147352344768152285193494407787886397466598611861012548434813228111044400808800613826560000000000000000000000000000000000000000000000000000000000000000000000000000000
169108212612030629448417966659393669850069406697705586379207922604987212266472952714985901765725331063289361652185442606905451534631999377052145186500711381869766266843391829076212051523984907903983881086375234454174072115755517281124788048299163305267036641908711985459607088461284357914231559555880616607372494902215823155432522604900501728449683784177849003085553571181720953561431279970438187955485580895840268665255698268231614930758295522305681104992332602591884530187754820144663254038269117015682044240075819367572238555501096087437943407819918909432983894241624993112698097514091243265445947846015595252409169345837195764304182279371177276725241625079735642843115439645570872655314575001531094625279733272060874505656704539480188551954432000000000000000000000000000000000000000000000000000000000000000000000000000000
508344772447574761909807247348477844401677921527031621128737322951817242843680703832142194221658370227136711252749542023906277781507381295382238069868182808314377694731961244851295890206663391706235039248734956845506213783788530240064079656147428346575526389565538959079502273784872246913507656711050975643181463391896914860828951526156225425261930549895344121830043489664479259755256678896131008525700995014299937097294050766610098219770539784679567999449117059365767975506759297859706822863043980478709467208137623916455877351680039300359632348944908319399388894297976311452704030704831213003849251434338788643893812271048184102252961503115485128226740116364717778172180313808000553478258893242241685548158724293199738255281658760061569548156928000000000000000000000000000000000000000000000000000000000000000000000000000000
